{"cameraMode":{"drawMode":0,"name":"Shaded","section":"Shading Mode"},"sceneLighting":true,"audioPlay":false,"sceneViewState":{"m_AlwaysRefresh":false,"showFog":true,"showSkybox":true,"showFlares":true,"showImageEffects":true,"showParticleSystems":true,"showVisualEffectGraphs":true,"m_FxEnabled":true},"in2DMode":false,"pivot":{"x":-15.855374336242676,"y":-11.277839660644532,"z":-5.5026068687438969},"rotation":{"x":0.39505162835121157,"y":-0.11936189979314804,"z":0.051848962903022769,"w":0.909408688545227},"size":11.500000953674317,"orthographic":false}