{"cameraMode":{"drawMode":0,"name":"Shaded","section":"Shading Mode"},"sceneLighting":true,"audioPlay":false,"sceneViewState":{"m_AlwaysRefresh":false,"showFog":true,"showSkybox":true,"showFlares":true,"showImageEffects":true,"showParticleSystems":true,"showVisualEffectGraphs":true,"m_FxEnabled":true},"in2DMode":false,"pivot":{"x":-9.364177703857422,"y":1.532758116722107,"z":-10.644290924072266},"rotation":{"x":0.27227628231048586,"y":0.06026541814208031,"z":-0.01709158532321453,"w":0.9601985812187195},"size":0.8000032305717468,"orthographic":false}